dp_city_id	dp_city_name
1	上海
2	北京
3	杭州
4	广州
5	南京
6	苏州
7	深圳
8	成都
9	重庆
10	天津
11	宁波
12	扬州
13	无锡
14	福州
15	厦门
16	武汉
17	西安
18	沈阳
19	大连
20	其它城市
21	青岛
22	济南
23	海口
24	石家庄
25	唐山
26	秦皇岛
27	邯郸
28	邢台
29	保定
30	张家口
31	承德
32	沧州
33	廊坊
34	衡水
35	太原
36	大同
37	阳泉
38	长治
39	晋城
40	朔州
41	晋中
42	运城
43	忻州
44	临汾
45	吕梁
46	呼和浩特
47	包头
48	乌海
49	赤峰
50	通辽
51	鄂尔多斯
52	呼伦贝尔
53	兴安盟
54	锡林郭勒
55	乌兰察布
56	巴彦淖尔
57	阿拉善
58	鞍山
59	抚顺
60	本溪
61	丹东
62	锦州
63	营口
64	阜新
65	辽阳
66	盘锦
67	铁岭
68	朝阳
69	葫芦岛
70	长春
71	吉林
72	四平
73	辽源
74	通化
75	白山
76	松原
77	白城
78	延边
79	哈尔滨
80	齐齐哈尔
81	鸡西
82	鹤岗
83	双鸭山
84	大庆
85	伊春
86	佳木斯
87	七台河
88	牡丹江
89	黑河
90	绥化
91	大兴安岭
92	徐州
93	常州
94	南通
95	连云港
96	淮安
97	盐城
98	镇江
99	泰州
100	宿迁
101	温州
102	嘉兴
103	湖州
104	绍兴
105	金华
106	衢州
107	舟山
108	台州
109	丽水
110	合肥
111	芜湖
112	蚌埠
113	淮南
114	马鞍山
115	淮北
116	铜陵
117	安庆
118	黄山
119	滁州
120	阜阳
121	宿州
122	巢湖
123	六安
124	亳州
125	池州
126	宣城
127	莆田
128	三明
129	泉州
130	漳州
131	南平
132	龙岩
133	宁德
134	南昌
135	景德镇
136	萍乡
137	九江
138	新余
139	鹰潭
140	赣州
141	吉安
142	宜春
143	抚州
144	上饶
145	淄博
146	枣庄
147	东营
148	烟台
149	潍坊
150	济宁
151	泰安
152	威海
153	日照
154	莱芜
155	临沂
156	德州
157	聊城
158	滨州
159	菏泽
160	郑州
161	开封
162	洛阳
163	平顶山
164	安阳
165	鹤壁
166	新乡
167	焦作
168	濮阳
169	许昌
170	漯河
171	三门峡
172	南阳
173	商丘
174	信阳
175	周口
176	驻马店
177	黄石
178	十堰
179	宜昌
180	襄阳
181	鄂州
182	荆门
183	孝感
184	荆州
185	黄冈
186	咸宁
187	随州
188	恩施
189	仙桃
190	潜江
191	天门
192	株洲
193	湘潭
194	衡阳
195	邵阳
196	岳阳
197	常德
198	张家界
199	益阳
200	郴州
201	永州
202	怀化
203	娄底
204	湘西
205	韶关
206	珠海
207	汕头
208	佛山
209	江门
210	湛江
211	茂名
212	肇庆
213	惠州
214	梅州
215	汕尾
216	河源
217	阳江
218	清远
219	东莞
220	中山
221	潮州
222	揭阳
223	云浮
224	南宁
225	柳州
226	桂林
227	梧州
228	北海
229	防城港
230	钦州
231	贵港
232	玉林
233	百色
234	贺州
235	河池
238	自贡
239	攀枝花
240	泸州
241	德阳
242	绵阳
243	广元
244	遂宁
245	内江
246	乐山
247	南充
248	眉山
249	宜宾
250	广安
251	达州
252	雅安
253	巴中
254	资阳
255	阿坝
256	甘孜州
257	凉山
258	贵阳
259	六盘水
260	遵义
261	安顺
262	铜仁
263	黔西南
264	毕节地区
264	毕节市
265	黔东南
266	黔南
267	昆明
268	曲靖
269	玉溪
270	保山
271	昭通
272	楚雄州
273	红河
274	文山州
275	普洱
276	西双版纳
277	大理州
278	德宏
279	丽江
280	怒江
281	迪庆
282	临沧
283	拉萨
284	昌都市
285	山南
286	日喀则
287	那曲
288	阿里
289	林芝县
289	林芝市
290	铜川
291	宝鸡
292	咸阳
293	渭南
294	延安
295	汉中
296	榆林
297	安康
298	商洛
299	兰州
300	嘉峪关
301	金昌
302	白银
303	天水
304	武威
305	张掖
306	平凉
307	酒泉
308	庆阳
309	定西
310	陇南
311	临夏州
312	甘南
313	西宁
314	海东
315	海北
316	黄南
318	果洛
319	玉树
320	海西
321	银川
322	石嘴山
323	吴忠
324	固原
325	乌鲁木齐
326	克拉玛依
327	吐鲁番市
328	哈密地区
329	昌吉州
330	博尔塔拉
331	巴音郭楞
332	阿克苏地区
333	克孜勒苏
334	喀什地区
335	和田地区
336	伊犁
337	塔城地区
338	阿勒泰地区
339	石河子
340	台湾
341	香港
342	澳门
343	国外其他
344	长沙
345	三亚
346	北屯
351	中卫
353	格尔木市
354	奎屯市
355	库尔勒市
358	儋州
359	潢川县
361	延吉市
362	珲春市
363	梅河口市
367	锡林浩特市
368	乌兰浩特市
382	西昌市
383	康定县
383	康定市
385	义乌
389	阿拉尔
390	白沙
391	保亭
392	昌江
393	澄迈县
394	崇左
395	定安县
396	东方
397	济源
398	来宾
399	乐东
400	临高县
401	陵水
402	琼海
403	琼中
404	神农架林区
405	图木舒克
406	屯昌县
407	万宁
408	文昌
409	五家渠
410	五指山
411	海南州
412	增城市
413	从化市
415	溧水县
416	昆山
417	常熟
418	张家港
419	吴江
420	太仓
421	慈溪
422	奉化
423	余姚
424	仪征市
425	江都区
425	江都市
426	高邮市
427	江阴
428	宜兴
429	瓦房店市
430	普兰店区
430	普兰店市
431	庄河市
432	长海县
433	福清
434	密云区
434	密云县
435	延庆区
435	延庆县
436	蓟县
437	宁河县
438	静海县
439	辛集市
440	藁城区
441	晋州市
442	新乐市
443	鹿泉区
444	井陉县
445	正定县
446	栾城区
447	行唐县
448	灵寿县
449	高邑县
450	深泽县
451	赞皇县
452	无极县
453	平山县
454	元氏县
455	赵县
456	宣化县
457	张北县
458	康保县
459	沽源县
460	尚义县
461	蔚县
462	阳原县
463	怀安县
464	万全县
465	怀来县
466	涿鹿县
467	赤城县
468	崇礼县
469	承德县
470	兴隆县
471	平泉县
472	滦平县
473	隆化县
474	丰宁满族自治县
475	宽城满族自治县
476	围场满族蒙古族自治县
477	昌黎县
478	抚宁区
478	抚宁县
479	卢龙县
480	青龙满族自治县
481	遵化市
482	迁安市
483	滦县
484	滦南县
485	乐亭县
486	迁西县
487	玉田县
488	唐海县
488	曹妃甸
489	霸州市
490	三河市
491	固安县
492	永清县
493	香河县
494	大城县
495	文安县
496	大厂回族自治县
497	定州市
498	涿州市
499	安国市
500	高碑店市
501	满城区
501	满城县
502	清苑区
503	易县
504	徐水区
505	涞源县
506	定兴县
507	顺平县
508	唐县
509	望都县
510	涞水县
511	高阳县
512	安新县
513	雄县
514	曲阳县
515	阜平县
516	博野县
517	蠡县
518	冀州市
519	深州市
520	枣强县
521	武邑县
522	武强县
523	饶阳县
524	安平县
525	故城县
526	景县
527	阜城县
528	泊头市
529	任丘市
530	黄骅市
531	河间市
532	沧县
533	青县
534	东光县
535	海兴县
536	盐山县
537	肃宁县
538	南皮县
539	吴桥县
540	献县
541	孟村回族自治县
542	南宫市
543	沙河市
544	邢台县
545	临城县
546	内丘县
547	柏乡县
548	隆尧县
549	任县
550	南和县
551	宁晋县
552	巨鹿县
553	新河县
554	广宗县
555	平乡县
556	威县
557	清河县
558	临西县
559	武安市
560	邯郸县
561	临漳县
562	成安县
563	大名县
564	涉县
565	磁县
566	肥乡县
567	永年县
568	邱县
569	鸡泽县
570	广平县
571	馆陶县
572	魏县
573	曲周县
574	古交市
575	清徐县
576	阳曲县
577	娄烦县
578	山阴县
579	应县
580	右玉县
581	怀仁县
582	阳高县
583	天镇县
584	广灵县
585	灵丘县
586	浑源县
587	左云县
588	大同县
589	平定县
590	盂县
591	潞城市
592	长治县
593	襄垣县
594	屯留县
595	平顺县
596	黎城县
597	壶关县
598	长子县
599	武乡县
600	沁县
601	沁源县
602	高平市
603	泽州县
604	沁水县
605	阳城县
606	陵川县
607	原平市
608	定襄县
609	五台县
610	代县
611	繁峙县
612	宁武县
613	静乐县
614	神池县
615	五寨县
616	岢岚县
617	河曲县
618	保德县
619	偏关县
620	介休市
621	榆社县
622	左权县
623	和顺县
624	昔阳县
625	寿阳县
626	太谷县
627	祁县
628	平遥县
629	灵石县
630	侯马市
631	霍州市
632	曲沃县
633	翼城县
634	襄汾县
635	洪洞县
636	古县
637	安泽县
638	浮山县
639	吉县
640	乡宁县
641	蒲县
642	大宁县
643	永和县
644	隰县
645	汾西县
646	孝义市
647	汾阳市
648	文水县
649	中阳县
650	兴县
651	临县
652	方山县
653	柳林县
654	岚县
655	交口县
656	交城县
657	石楼县
658	托克托县
659	武川县
660	和林格尔县
661	清水河县
662	固阳县
663	宁城县
664	林西县
665	霍林郭勒市
666	开鲁县
667	满洲里市
668	扎兰屯市
669	牙克石市
670	根河市
671	额尔古纳市
672	丰镇市
673	卓资县
674	化德县
675	商都县
676	兴和县
677	凉城县
678	五原县
679	磴口县
680	阿尔山市
681	突泉县
682	二连浩特市
683	多伦县
684	新民市
685	辽中区
685	辽中县
686	康平县
687	法库县
688	北票市
689	凌源市
690	朝阳县
691	建平县
692	喀喇沁左翼蒙古族自治县
693	彰武县
694	阜新蒙古族自治县
695	调兵山市
696	开原市
697	铁岭县
698	西丰县
699	昌图县
700	抚顺县
701	新宾满族自治县
702	清原满族自治县
703	本溪满族自治县
704	桓仁满族自治县
705	灯塔市
706	辽阳县
707	海城市
708	台安县
709	岫岩满族自治县
710	凤城市
711	东港市
712	宽甸满族自治县
713	大石桥市
714	盖州市
715	大洼县
716	盘山县
717	凌海市
718	北镇市
719	黑山县
720	义县
721	兴城市
722	绥中县
723	建昌县
724	德惠市
725	九台区
726	榆树市
727	农安县
728	大安市
729	洮南市
730	镇赉县
731	通榆县
732	扶余市
733	长岭县
734	乾安县
735	前郭尔罗斯蒙古族自治县
736	磐石市
737	蛟河市
738	桦甸市
739	舒兰市
740	永吉县
741	双辽市
742	公主岭市
743	梨树县
744	伊通满族自治县
745	东丰县
746	东辽县
747	集安市
748	通化县
749	辉南县
750	柳河县
751	临江市
752	江源县
753	抚松县
754	靖宇县
755	长白朝鲜族自治县
756	图们市
757	敦化市
758	龙井市
759	和龙市
760	汪清县
761	安图县
762	双城市
763	尚志市
764	五常市
765	阿城市
766	依兰县
767	方正县
768	宾县
769	巴彦县
770	木兰县
771	通河县
772	延寿县
773	勃利县
774	讷河市
775	龙江县
776	依安县
777	泰来县
778	甘南县
779	富裕县
780	克山县
781	克东县
782	拜泉县
783	北安市
784	五大连池市
785	嫩江县
786	逊克县
787	孙吴县
788	肇州县
789	肇源县
790	林甸县
791	杜尔伯特蒙古族自治县
792	萝北县
793	绥滨县
794	铁力市
795	嘉荫县
796	同江市
797	富锦市
798	桦南县
799	桦川县
800	汤原县
801	抚远县
802	集贤县
803	友谊县
804	宝清县
805	饶河县
806	虎林市
807	密山市
808	鸡东县
809	穆棱市
810	绥芬河市
811	海林市
812	宁安市
813	东宁县
813	东宁市
814	林口县
815	安达市
816	肇东市
817	海伦市
818	望奎县
819	兰西县
820	青冈县
821	庆安县
822	明水县
823	绥棱县
824	呼玛县
825	塔河县
826	漠河县
827	高淳县
828	邳州市
829	新沂市
830	铜山县
831	睢宁县
832	沛县
833	丰县
834	赣榆区
835	灌云县
836	东海县
837	灌南县
838	沭阳县
839	泗阳县
840	泗洪县
841	金湖县
842	盱眙县
843	洪泽县
844	涟水县
845	东台市
846	大丰区
846	大丰市
847	射阳县
848	阜宁县
849	滨海县
850	响水县
851	建湖县
852	宝应县
853	靖江
854	泰兴市
855	姜堰区
855	姜堰市
856	兴化市
857	海门市
858	启东市
859	通州区
859	通州市
860	如皋市
861	如东县
862	海安县
863	扬中市
864	丹阳市
865	句容市
866	金坛区
867	溧阳
868	临安
869	富阳区
870	建德市
871	桐庐县
872	淳安县
873	长兴县
874	德清县
875	安吉县
876	平湖市
877	海宁市
878	桐乡市
879	嘉善县
880	海盐县
881	岱山县
882	嵊泗县
883	诸暨
884	上虞区
885	嵊州市
886	柯桥区
887	新昌县
888	江山市
889	常山县
890	开化县
891	龙游县
892	兰溪市
893	永康
894	东阳
895	武义县
896	浦江县
897	磐安县
898	临海市
899	温岭市
900	三门县
901	天台县
902	仙居县
903	玉环县
904	瑞安
905	乐清
906	永嘉县
907	文成县
908	平阳
909	泰顺县
910	洞头县
911	苍南
912	龙泉市
913	缙云县
914	青田县
915	云和县
916	遂昌县
917	松阳县
918	庆元县
919	景宁畲族自治县
920	长丰县
921	肥东县
922	肥西县
923	砀山县
924	萧县
925	灵璧县
926	泗县
927	濉溪县
928	涡阳县
929	蒙城县
930	利辛县
931	界首市
932	临泉县
933	太和县
934	阜南县
935	颍上县
936	怀远县
937	五河县
938	固镇县
939	凤台县
940	明光市
941	天长市
942	来安县
943	全椒县
944	定远县
945	凤阳县
946	当涂县
947	芜湖县
948	繁昌县
949	南陵县
950	义安区
950	铜陵县
951	桐城市
952	怀宁县
953	枞阳县
954	潜山县
955	太湖县
956	宿松县
957	望江县
958	岳西县
959	歙县
960	休宁县
961	黟县
962	祁门县
963	寿县
964	霍邱县
965	舒城县
966	金寨县
967	霍山县
968	庐江县
969	无为县
970	含山县
971	和县
972	东至县
973	石台县
974	青阳县
975	宁国市
976	郎溪县
977	广德县
978	泾县
979	旌德县
980	绩溪县
981	长乐
982	闽侯县
983	连江县
984	罗源县
985	闽清县
986	永泰县
987	平潭县
988	邵武市
989	武夷山
990	建瓯市
991	建阳区
991	建阳市
992	顺昌县
993	浦城县
994	光泽县
995	松溪县
996	政和县
997	仙游县
998	永安市
999	明溪县
1000	清流县
1001	宁化县
1002	大田县
1003	尤溪县
1004	沙县
1005	将乐县
1006	泰宁县
1007	建宁县
1008	石狮
1009	晋江
1010	南安市
1011	惠安县
1012	安溪县
1013	永春县
1014	德化县
1015	龙海
1016	云霄县
1017	漳浦县
1018	诏安县
1019	长泰县
1020	东山县
1021	南靖县
1022	平和县
1023	华安县
1024	漳平市
1025	长汀县
1026	永定区
1026	永定县
1027	上杭县
1028	武平县
1029	连城县
1030	福安市
1031	福鼎
1032	寿宁县
1033	霞浦县
1034	柘荣县
1035	屏南县
1036	古田县
1037	周宁县
1038	南昌县
1039	新建县
1040	安义县
1041	进贤县
1042	瑞昌市
1043	九江县
1044	武宁县
1045	修水县
1046	永修县
1047	德安县
1048	星子县
1049	都昌县
1050	湖口县
1051	彭泽县
1052	乐平市
1053	浮梁县
1054	贵溪市
1055	余江县
1056	分宜县
1057	莲花县
1058	上栗县
1059	芦溪县
1060	瑞金市
1061	南康区
1061	南康市
1062	赣县
1063	信丰县
1064	大余县
1065	上犹县
1066	崇义县
1067	安远县
1068	龙南县
1069	定南县
1070	全南县
1071	宁都县
1072	于都县
1073	兴国县
1074	会昌县
1075	寻乌县
1076	石城县
1077	德兴市
1078	上饶县
1079	广丰区
1079	广丰县
1080	玉山县
1081	铅山县
1082	横峰县
1083	弋阳县
1084	余干县
1085	鄱阳县
1086	万年县
1087	婺源县
1088	南城县
1089	黎川县
1090	南丰县
1091	崇仁县
1092	乐安县
1093	宜黄县
1094	金溪县
1095	资溪县
1096	东乡县
1097	广昌县
1098	丰城市
1099	樟树市
1100	高安市
1101	奉新县
1102	万载县
1103	上高县
1104	宜丰县
1105	靖安县
1106	铜鼓县
1107	井冈山市
1108	吉安县
1109	吉水县
1110	峡江县
1111	新干县
1112	永丰县
1113	泰和县
1114	遂川县
1115	万安县
1116	安福县
1117	永新县
1118	章丘
1119	平阴县
1120	济阳县
1121	商河县
1122	临清市
1123	阳谷县
1124	莘县
1125	茌平县
1126	东阿县
1127	冠县
1128	高唐县
1129	乐陵市
1130	禹城市
1131	陵城区
1132	平原县
1133	夏津县
1134	武城县
1135	齐河县
1136	临邑县
1137	宁津县
1138	庆云县
1139	垦利县
1140	利津县
1141	广饶县
1142	桓台县
1143	高青县
1144	沂源县
1145	安丘市
1146	昌邑市
1147	高密市
1148	青州市
1149	诸城市
1150	寿光市
1151	临朐县
1152	昌乐县
1153	栖霞市
1154	海阳市
1155	龙口市
1156	莱阳市
1157	莱州市
1158	蓬莱市
1159	招远市
1160	长岛县
1161	荣成
1162	乳山市
1163	文登区
1164	胶州市
1165	即墨市
1166	平度市
1167	胶南市
1168	莱西市
1169	五莲县
1170	莒县
1171	郯城县
1172	兰陵县
1173	莒南县
1174	沂水县
1175	蒙阴县
1176	平邑县
1177	费县
1178	沂南县
1179	临沭县
1180	滕州市
1181	曲阜市
1182	兖州区
1183	邹城市
1184	微山县
1185	鱼台县
1186	金乡县
1187	嘉祥县
1188	汶上县
1189	泗水县
1190	梁山县
1191	新泰市
1192	肥城市
1193	宁阳县
1194	东平县
1195	惠民县
1196	阳信县
1197	无棣县
1198	沾化区
1199	博兴县
1200	邹平县
1201	曹县
1202	定陶县
1203	成武县
1204	单县
1205	巨野县
1206	郓城县
1207	鄄城县
1208	东明县
1209	新郑市
1210	登封市
1211	新密市
1212	巩义市
1213	荥阳市
1214	中牟县
1215	义马市
1216	灵宝市
1217	渑池县
1218	陕州区
1219	卢氏县
1220	偃师市
1221	孟津县
1222	新安县
1223	栾川县
1224	嵩县
1225	汝阳县
1226	宜阳县
1227	洛宁县
1228	伊川县
1229	孟州市
1230	沁阳市
1231	修武县
1232	博爱县
1233	武陟县
1234	温县
1235	卫辉市
1236	辉县市
1237	新乡县
1238	获嘉县
1239	原阳县
1240	延津县
1241	封丘县
1242	长垣县
1243	浚县
1244	淇县
1245	林州市
1246	安阳县
1247	汤阴县
1248	滑县
1249	内黄县
1250	清丰县
1251	南乐县
1252	范县
1253	台前县
1254	濮阳县
1255	杞县
1256	通许县
1257	尉氏县
1258	开封县
1258	祥符区
1259	兰考县
1260	永城市
1261	虞城县
1262	民权县
1263	宁陵县
1264	睢县
1265	夏邑县
1266	柘城县
1267	禹州市
1268	长葛市
1269	许昌县
1270	鄢陵县
1271	襄城县
1272	舞阳县
1273	临颍县
1274	舞钢市
1275	汝州市
1276	宝丰县
1277	叶县
1278	鲁山县
1279	郏县
1280	邓州市
1281	南召县
1282	方城县
1283	西峡县
1284	镇平县
1285	内乡县
1286	淅川县
1287	社旗县
1288	唐河县
1289	新野县
1290	桐柏县
1291	息县
1292	淮滨县
1293	光山县
1294	固始县
1295	商城县
1296	罗山县
1297	新县
1298	项城市
1299	扶沟县
1300	西华县
1301	商水县
1302	太康县
1303	鹿邑县
1304	郸城县
1305	淮阳县
1306	沈丘县
1307	确山县
1308	泌阳县
1309	遂平县
1310	西平县
1311	上蔡县
1312	汝南县
1313	平舆县
1314	新蔡县
1315	正阳县
1316	丹江口市
1317	郧县
1317	郧阳区
1318	竹山县
1319	房县
1320	郧西县
1321	竹溪县
1322	老河口市
1323	枣阳市
1324	宜城市
1325	南漳县
1326	谷城县
1327	保康县
1328	钟祥市
1329	沙洋县
1330	京山县
1331	应城市
1332	安陆市
1333	汉川市
1334	孝昌县
1335	大悟县
1336	云梦县
1337	麻城市
1338	武穴市
1339	红安县
1340	罗田县
1341	英山县
1342	浠水县
1343	蕲春县
1344	黄梅县
1345	团风县
1346	大冶市
1347	阳新县
1348	赤壁市
1349	嘉鱼县
1350	通城县
1351	崇阳县
1352	通山县
1353	石首市
1354	洪湖市
1355	松滋市
1356	江陵县
1357	公安县
1358	监利县
1359	枝江市
1360	宜都市
1361	当阳市
1362	远安县
1363	兴山县
1364	秭归县
1365	长阳土家族自治县
1366	五峰土家族自治县
1367	广水市
1368	恩施市
1369	利川市
1370	建始县
1371	巴东县
1372	宣恩县
1373	咸丰县
1374	来凤县
1375	鹤峰县
1376	浏阳
1377	长沙县
1378	望城县
1379	宁乡县
1380	慈利县
1381	桑植县
1382	津市市
1383	安乡县
1384	汉寿县
1385	澧县
1386	临澧县
1387	桃源县
1388	石门县
1389	沅江市
1390	南县
1391	桃江县
1392	安化县
1393	汨罗市
1394	临湘市
1395	岳阳县
1396	华容县
1397	湘阴县
1398	平江县
1399	醴陵市
1400	株洲县
1401	攸县
1402	茶陵县
1403	炎陵县
1404	湘乡市
1405	韶山市
1406	湘潭县
1407	常宁市
1408	耒阳市
1409	衡阳县
1410	衡南县
1411	衡山县
1412	衡东县
1413	祁东县
1414	资兴市
1415	桂阳县
1416	永兴县
1417	宜章县
1418	嘉禾县
1419	临武县
1420	汝城县
1421	桂东县
1422	安仁县
1423	东安县
1424	道县
1425	宁远县
1426	江永县
1427	蓝山县
1428	新田县
1429	双牌县
1430	祁阳县
1431	江华瑶族自治县
1432	武冈市
1433	邵东县
1434	邵阳县
1435	新邵县
1436	隆回县
1437	洞口县
1438	绥宁县
1439	新宁县
1440	城步苗族自治县
1441	洪江市
1442	沅陵县
1443	辰溪县
1444	溆浦县
1445	中方县
1446	会同县
1447	麻阳苗族自治县
1448	新晃侗族自治县
1449	芷江侗族自治县
1450	靖州苗族侗族自治县
1451	通道侗族自治县
1452	冷水江市
1453	涟源市
1454	双峰县
1455	新化县
1456	吉首市
1457	泸溪县
1458	凤凰县
1459	花垣县
1460	保靖县
1461	古丈县
1462	永顺县
1463	龙山县
1464	英德市
1465	连州市
1466	佛冈县
1467	阳山县
1468	清新县
1469	连山壮族瑶族自治县
1470	连南瑶族自治县
1471	乐昌市
1472	南雄市
1473	始兴县
1474	仁化县
1475	翁源县
1476	新丰县
1477	乳源瑶族自治县
1478	紫金县
1479	龙川县
1480	连平县
1481	和平县
1482	东源县
1483	兴宁市
1484	梅县区
1485	大埔县
1486	丰顺县
1487	五华县
1488	平远县
1489	蕉岭县
1490	潮安区
1490	潮安县
1491	饶平县
1492	南澳县
1493	普宁市
1494	揭东县
1495	揭西县
1496	惠来县
1497	陆丰市
1498	海丰县
1499	陆河县
1500	博罗县
1501	惠东县
1502	龙门县
1503	恩平市
1504	台山市
1505	开平市
1506	鹤山市
1507	高要区
1508	四会市
1509	广宁县
1510	怀集县
1511	封开县
1512	德庆县
1513	罗定市
1514	云安区
1515	新兴县
1516	郁南县
1517	阳春市
1518	阳西县
1519	阳东区
1520	化州市
1521	信宜市
1522	高州市
1523	电白区
1523	电白县
1524	吴川市
1525	廉江市
1526	雷州市
1527	遂溪县
1528	徐闻县
1529	武鸣区
1530	横县
1531	宾阳县
1532	上林县
1533	隆安县
1534	马山县
1535	阳朔县
1536	临桂县
1537	灵川县
1538	全州县
1539	兴安县
1540	永福县
1541	灌阳县
1542	资源县
1543	平乐县
1544	荔浦县
1545	龙胜各族自治县
1546	恭城瑶族自治县
1547	柳江县
1548	柳城县
1549	鹿寨县
1550	融安县
1551	三江侗族自治县
1552	融水苗族自治县
1553	岑溪市
1554	苍梧县
1555	藤县
1556	蒙山县
1557	桂平市
1558	平南县
1559	北流市
1560	兴业县
1561	容县
1562	陆川县
1563	博白县
1564	灵山县
1565	浦北县
1566	合浦县
1567	东兴市
1568	上思县
1569	凭祥市
1570	扶绥县
1571	大新县
1572	天等县
1573	宁明县
1574	龙州县
1575	田阳县
1576	田东县
1577	平果县
1578	德保县
1579	靖西县
1579	靖西市
1580	那坡县
1581	凌云县
1582	乐业县
1583	西林县
1584	田林县
1585	隆林各族自治县
1586	宜州市
1587	南丹县
1588	天峨县
1589	凤山县
1590	东兰县
1591	巴马瑶族自治县
1592	都安瑶族自治县
1593	大化瑶族自治县
1594	罗城仫佬族自治县
1595	环江毛南族自治县
1596	合山市
1597	象州县
1598	武宣县
1599	忻城县
1600	金秀瑶族自治县
1601	昭平县
1602	钟山县
1603	富川瑶族自治县
1604	都江堰市
1605	彭州市
1606	邛崃市
1607	崇州市
1608	金堂县
1609	双流区
1609	双流县
1610	郫县
1611	大邑县
1612	蒲江县
1613	新津县
1614	旺苍县
1615	青川县
1616	剑阁县
1617	苍溪县
1618	江油市
1619	三台县
1620	盐亭县
1621	安县
1622	梓潼县
1623	北川羌族自治县
1624	平武县
1625	什邡市
1626	广汉市
1627	绵竹市
1628	罗江县
1629	中江县
1630	阆中市
1631	南部县
1632	营山县
1633	蓬安县
1634	仪陇县
1635	西充县
1636	华蓥市
1637	岳池县
1638	武胜县
1639	邻水县
1640	蓬溪县
1641	射洪县
1642	大英县
1643	威远县
1644	资中县
1645	隆昌县
1646	峨眉山市
1647	犍为县
1648	井研县
1649	夹江县
1650	沐川县
1651	峨边彝族自治县
1652	马边彝族自治县
1653	荣县
1654	富顺县
1655	泸县
1656	合江县
1657	叙永县
1658	古蔺县
1659	宜宾县
1660	南溪县
1661	江安县
1662	长宁县
1663	高县
1664	筠连县
1665	珙县
1666	兴文县
1667	屏山县
1668	米易县
1669	盐边县
1670	通江县
1671	南江县
1672	平昌县
1673	万源市
1674	达县
1675	宣汉县
1676	开江县
1677	大竹县
1678	渠县
1679	简阳市
1680	乐至县
1681	安岳县
1682	仁寿县
1683	彭山区
1683	彭山县
1684	洪雅县
1685	丹棱县
1686	青神县
1687	名山县
1688	荥经县
1689	汉源县
1690	石棉县
1691	天全县
1692	芦山县
1693	宝兴县
1694	马尔康区
1694	马尔康县
1695	汶川县
1696	理县
1697	茂县
1698	松潘县
1699	九寨沟县
1700	金川县
1701	小金县
1702	黑水县
1703	壤塘县
1704	阿坝县
1705	若尔盖县
1706	红原县
1707	泸定县
1708	丹巴县
1709	九龙县
1710	雅江县
1711	道孚县
1712	炉霍县
1713	甘孜县
1714	新龙县
1715	德格县
1716	白玉县
1717	石渠县
1718	色达县
1719	理塘县
1720	巴塘县
1721	乡城县
1722	稻城县
1723	得荣县
1724	盐源县
1725	德昌县
1726	会理县
1727	会东县
1728	宁南县
1729	普格县
1730	布拖县
1731	金阳县
1732	昭觉县
1733	喜德县
1734	冕宁县
1735	越西县
1736	甘洛县
1737	美姑县
1738	雷波县
1739	木里藏族自治县
1740	清镇市
1741	开阳县
1742	修文县
1743	息烽县
1744	盘县
1745	赤水市
1746	仁怀市
1747	播州区
1747	遵义县
1748	桐梓县
1749	绥阳县
1750	正安县
1751	凤冈县
1752	湄潭县
1753	余庆县
1754	习水县
1755	道真仡佬族苗族自治县
1756	务川仡佬族苗族自治县
1757	平坝区
1758	普定县
1759	关岭布依族苗族自治县
1760	镇宁布依族苗族自治县
1761	紫云苗族布依族自治县
1762	七星关区
1763	大方县
1764	黔西县
1765	金沙县
1766	织金县
1767	纳雍县
1768	赫章县
1769	威宁彝族回族苗族自治县
1770	碧江区
1771	江口县
1772	石阡县
1773	思南县
1774	德江县
1775	玉屏侗族自治县
1776	印江土家族苗族自治县
1777	沿河土家族自治县
1778	松桃苗族自治县
1779	凯里市
1780	黄平县
1781	施秉县
1782	三穗县
1783	镇远县
1784	岑巩县
1785	天柱县
1786	锦屏县
1787	剑河县
1788	台江县
1789	黎平县
1790	榕江县
1791	从江县
1792	雷山县
1793	麻江县
1794	丹寨县
1795	都匀市
1796	福泉市
1797	荔波县
1798	贵定县
1799	瓮安县
1800	独山县
1801	平塘县
1802	罗甸县
1803	长顺县
1804	龙里县
1805	惠水县
1806	三都水族自治县
1807	兴义市
1808	兴仁县
1809	普安县
1810	晴隆县
1811	贞丰县
1812	望谟县
1813	册亨县
1814	安龙县
1815	安宁市
1816	呈贡区
1816	呈贡县
1817	晋宁县
1818	富民县
1819	宜良县
1820	嵩明县
1821	石林彝族自治县
1822	禄劝彝族苗族自治县
1823	寻甸回族彝族自治县
1824	宣威市
1825	马龙县
1826	沾益区
1826	沾益县
1827	富源县
1828	罗平县
1829	师宗县
1830	陆良县
1831	会泽县
1832	江川区
1832	江川县
1833	澄江县
1834	通海县
1835	华宁县
1836	易门县
1837	峨山彝族自治县
1838	新平彝族傣族自治县
1839	元江哈尼族彝族傣族自治县
1840	施甸县
1841	腾冲县
1841	腾冲市
1842	龙陵县
1843	昌宁县
1844	鲁甸县
1845	巧家县
1846	盐津县
1847	大关县
1848	永善县
1849	绥江县
1850	镇雄县
1851	彝良县
1852	威信县
1853	水富县
1854	永胜县
1855	华坪县
1856	玉龙纳西族自治县
1857	宁蒗彝族自治县
1858	宁洱哈尼族彝族自治县
1858	普洱哈尼族彝族自治县
1859	墨江哈尼族自治县
1860	景东彝族自治县
1861	景谷傣族彝族自治县
1862	镇沅彝族哈尼族拉祜族自治县
1863	江城哈尼族彝族自治县
1864	孟连傣族拉祜族佤族自治县
1865	澜沧拉祜族自治县
1866	西盟佤族自治县
1867	凤庆县
1868	云县
1869	永德县
1870	镇康县
1871	双江拉祜族佤族布朗族傣族自治县
1872	耿马傣族佤族自治县
1873	沧源佤族自治县
1874	芒市
1875	瑞丽市
1876	梁河县
1877	盈江县
1878	陇川县
1879	泸水县
1880	福贡县
1881	贡山独龙族怒族自治县
1882	兰坪白族普米族自治县
1883	香格里拉县
1883	香格里拉市
1884	德钦县
1885	维西傈僳族自治县
1887	祥云县
1888	宾川县
1889	弥渡县
1890	永平县
1891	云龙县
1892	洱源县
1893	剑川县
1894	鹤庆县
1895	漾濞彝族自治县
1896	南涧彝族自治县
1897	巍山彝族回族自治县
1898	楚雄市
1899	双柏县
1900	牟定县
1901	南华县
1902	姚安县
1903	大姚县
1904	永仁县
1905	元谋县
1906	武定县
1907	禄丰县
1908	景洪市
1909	勐海县
1910	勐腊县
1911	蒙自县
1911	蒙自市
1912	个旧市
1913	开远市
1914	绿春县
1915	建水县
1916	石屏县
1917	弥勒市
1918	泸西县
1919	元阳县
1920	红河县
1921	金平苗族瑶族傣族自治县
1922	河口瑶族自治县
1923	屏边苗族自治县
1924	文山县
1924	文山市
1925	砚山县
1926	西畴县
1927	麻栗坡县
1928	马关县
1929	丘北县
1930	广南县
1931	富宁县
1932	林周县
1933	当雄县
1934	尼木县
1935	曲水县
1936	堆龙德庆区
1936	堆龙德庆县
1937	达孜县
1938	墨竹工卡县
1939	那曲县
1940	嘉黎县
1941	比如县
1942	聂荣县
1943	安多县
1944	申扎县
1945	索县
1946	班戈县
1947	巴青县
1948	尼玛县
1949	卡若区
1950	江达县
1951	贡觉县
1952	类乌齐县
1953	丁青县
1954	察雅县
1955	八宿县
1956	左贡县
1957	芒康县
1958	洛隆县
1959	边坝县
1960	巴宜区
1961	工布江达县
1962	米林县
1963	墨脱县
1964	波密县
1965	察隅县
1966	朗县
1967	乃东区
1967	乃东县
1968	扎囊县
1969	贡嘎县
1970	桑日县
1971	琼结县
1972	曲松县
1973	措美县
1974	洛扎县
1975	加查县
1976	隆子县
1977	错那县
1978	浪卡子县
1979	桑珠孜区
1980	南木林县
1981	江孜县
1982	定日县
1983	萨迦县
1984	拉孜县
1985	昂仁县
1986	谢通门县
1987	白朗县
1988	仁布县
1989	康马县
1990	定结县
1991	仲巴县
1992	亚东县
1993	吉隆县
1994	聂拉木县
1995	萨嘎县
1996	岗巴县
1997	噶尔县
1998	普兰县
1999	札达县
2000	日土县
2001	革吉县
2002	改则县
2003	措勤县
2004	蓝田县
2005	周至县
2006	户县
2007	高陵区
2008	延长县
2009	延川县
2010	子长县
2011	安塞县
2012	志丹县
2013	吴起县
2014	甘泉县
2015	富县
2016	洛川县
2017	宜川县
2018	黄龙县
2019	黄陵县
2020	宜君县
2021	华阴市
2022	韩城市
2023	华县
2023	华州区
2024	潼关县
2025	大荔县
2026	蒲城县
2027	澄城县
2028	白水县
2029	合阳县
2030	富平县
2031	兴平市
2032	三原县
2033	泾阳县
2034	乾县
2035	礼泉县
2036	永寿县
2037	彬县
2038	长武县
2039	旬邑县
2040	淳化县
2041	武功县
2042	凤翔县
2043	岐山县
2044	扶风县
2045	眉县
2046	陇县
2047	千阳县
2048	麟游县
2049	凤县
2050	太白县
2051	南郑县
2052	城固县
2053	洋县
2054	西乡县
2055	勉县
2056	宁强县
2057	略阳县
2058	镇巴县
2059	留坝县
2060	佛坪县
2061	神木县
2062	府谷县
2063	横山区
2063	横山县
2064	靖边县
2065	定边县
2066	绥德县
2067	米脂县
2068	佳县
2069	吴堡县
2070	清涧县
2071	子洲县
2072	汉阴县
2073	石泉县
2074	宁陕县
2075	紫阳县
2076	岚皋县
2077	平利县
2078	镇坪县
2079	旬阳县
2080	白河县
2081	洛南县
2082	丹凤县
2083	商南县
2084	山阳县
2085	镇安县
2086	柞水县
2087	永登县
2088	皋兰县
2089	榆中县
2090	永昌县
2091	靖远县
2092	会宁县
2093	景泰县
2094	清水县
2095	秦安县
2096	甘谷县
2097	武山县
2098	张家川回族自治县
2099	民勤县
2100	古浪县
2101	天祝藏族自治县
2102	玉门市
2103	敦煌市
2104	金塔县
2105	瓜州县
2106	肃北蒙古族自治县
2107	阿克塞哈萨克族自治县
2108	民乐县
2109	临泽县
2110	高台县
2111	山丹县
2112	肃南裕固族自治县
2113	庆城县
2114	环县
2115	华池县
2116	合水县
2117	正宁县
2118	宁县
2119	镇原县
2120	泾川县
2121	灵台县
2122	崇信县
2123	华亭县
2124	庄浪县
2125	静宁县
2126	通渭县
2127	临洮县
2128	漳县
2129	岷县
2130	渭源县
2131	陇西县
2132	成县
2133	宕昌县
2134	康县
2135	文县
2136	西和县
2137	礼县
2138	两当县
2139	徽县
2140	临夏市
2141	临夏县
2142	康乐县
2143	永靖县
2144	广河县
2145	和政县
2146	东乡族自治县
2147	积石山保安族东乡族撒拉族自治县
2148	合作市
2149	临潭县
2150	卓尼县
2151	舟曲县
2152	迭部县
2153	玛曲县
2154	碌曲县
2155	夏河县
2156	大通回族土族自治县
2157	湟源县
2158	湟中县
2159	平安区
2160	乐都县
2161	民和回族土族自治县
2162	互助土族自治县
2163	化隆回族自治县
2164	循化撒拉族自治县
2165	海晏县
2166	祁连县
2167	刚察县
2168	门源回族自治县
2169	同仁县
2170	尖扎县
2171	泽库县
2172	河南蒙古族自治县
2173	玛沁县
2174	班玛县
2175	甘德县
2176	达日县
2177	久治县
2178	玛多县
2179	玉树县
2179	玉树市
2180	杂多县
2181	称多县
2182	治多县
2183	囊谦县
2184	曲麻莱县
2185	德令哈市
2186	乌兰县
2187	都兰县
2188	天峻县
2189	灵武市
2190	永宁县
2191	贺兰县
2192	平罗县
2193	青铜峡市
2194	盐池县
2195	同心县
2196	西吉县
2197	隆德县
2198	泾源县
2199	彭阳县
2200	乌鲁木齐县
2201	喀什市
2202	疏附县
2203	疏勒县
2204	英吉沙县
2205	泽普县
2206	莎车县
2207	叶城县
2208	麦盖提县
2209	岳普湖县
2210	伽师县
2211	巴楚县
2212	塔什库尔干塔吉克自治县
2213	阿克苏市
2214	温宿县
2215	库车县
2216	沙雅县
2217	新和县
2218	拜城县
2219	乌什县
2220	阿瓦提县
2221	柯坪县
2222	和田市
2223	和田县
2224	墨玉县
2225	皮山县
2226	洛浦县
2227	策勒县
2228	于田县
2229	民丰县
2230	高昌区
2231	鄯善县
2232	托克逊县
2233	哈密市
2234	伊吾县
2235	巴里坤哈萨克自治县
2236	阿图什市
2237	阿克陶县
2238	阿合奇县
2239	乌恰县
2240	博乐市
2241	精河县
2242	温泉县
2243	昌吉市
2244	阜康市
2245	米泉市
2246	呼图壁县
2247	玛纳斯县
2248	奇台县
2249	吉木萨尔县
2250	木垒哈萨克自治县
2251	轮台县
2252	尉犁县
2253	若羌县
2254	且末县
2255	和静县
2256	和硕县
2257	博湖县
2258	焉耆回族自治县
2259	伊宁市
2260	伊宁县
2261	霍城县
2262	巩留县
2263	新源县
2264	昭苏县
2265	特克斯县
2266	尼勒克县
2267	察布查尔锡伯自治县
2268	塔城市
2269	乌苏市
2270	额敏县
2271	沙湾县
2272	托里县
2273	裕民县
2274	和布克赛尔蒙古自治县
2275	阿勒泰市
2276	布尔津县
2277	富蕴县
2278	福海县
2279	哈巴河县
2280	青河县
2281	吉木乃县
2282	綦江县
2283	潼南区
2284	铜梁区
2285	大足县
2286	荣昌区
2287	璧山区
2288	垫江县
2289	武隆县
2290	丰都县
2291	城口县
2292	梁平县
2293	开县
2293	开州区
2294	巫溪县
2295	巫山县
2296	奉节县
2297	云阳县
2298	忠县
2299	石柱土家族自治县
2300	彭水苗族土家族自治县
2301	酉阳土家族苗族自治县
2302	秀山土家族苗族自治县
2303	共和县
2304	同德县
2305	贵德县
2306	兴海县
2307	贵南县
2308	宁海
2309	象山
2310	三沙
2311	新加坡
2312	马来西亚
2313	泰国
2314	韩国
2315	日本
2316	柬埔寨
2317	越南
2318	澳大利亚
2319	新西兰
2320	萧山
2321	番禺
2322	墨尔本
2323	黄岛
2324	马尔代夫
2325	印度尼西亚
2326	塞班岛
2327	菲律宾
2328	斐济
2329	毛里求斯
2330	斯里兰卡
2331	法国
2332	美国
2333	尼泊尔
2334	塞舌尔
2335	台北
2336	花莲
2337	高雄
2338	台南
2339	桃园
2340	新北
2341	台中
2342	曼谷
2343	普吉岛
2344	芭堤雅
2345	清迈
2346	苏梅岛
2347	皮皮岛
2348	清莱
2349	拜县
2350	沙美岛
2351	巴厘岛
2352	万隆
2353	雅加达
2354	马尼拉
2355	长滩岛
2356	宿雾
2357	巴拉望岛
2358	薄荷岛
2359	吉隆坡
2360	槟城
2361	兰卡威
2362	沙巴
2363	暹粒
2364	金边
2365	西哈努克
2366	胡志明市
2367	河内
2368	海防市
2369	首尔
2370	釜山
2371	济州岛
2372	东京
2373	京都
2374	大阪
2375	北海道
2376	富士山
2377	冲绳
2378	箱根
2379	悉尼
2380	黄金海岸
2381	布里斯班
2382	堪培拉
2383	凯恩斯
2384	奥克兰
2385	皇后镇
2386	惠灵顿
2387	基督城
2388	巴黎
2389	普罗旺斯
2390	尼斯
2391	戛纳
2392	马赛
2393	里昂
2394	第戎
2395	纽约
2395	纽约市
2396	旧金山
2397	洛杉矶
2398	拉斯维加斯
2399	西雅图
2400	芝加哥
2401	奥兰多
2402	迈阿密
2403	波士顿
2404	夏威夷
2404	夏威夷州
2405	大溪地
2406	垦丁
2407	新德里
2408	瓦拉纳西
2409	孟买
2410	阿格拉
2411	斋浦尔
2412	蒙特娄
2413	多伦多
2414	尼亚加拉瀑布
2415	温哥华
2416	渥太华
2417	维也纳
2418	萨尔兹堡
2419	因斯布鲁克
2420	布鲁塞尔
2421	布鲁日
2422	安特卫普
2423	柏林
2424	汉堡
2425	科隆
2426	法兰克福
2427	慕尼黑
2428	阿姆斯特丹
2429	鹿特丹
2430	海牙
2431	布拉格
2432	卡罗维瓦立
2433	布尔诺
2434	里斯本
2435	波尔图
2436	斯德哥尔摩
2437	哥德堡
2438	马尔默
2439	苏黎世
2440	日内瓦
2441	因特拉肯
2442	卢塞恩
2443	伯尔尼
2444	伊斯坦布尔
2445	安塔丽亚
2446	安卡拉
2447	伊兹密尔
2448	棉花堡
2449	巴塞罗纳
2449	巴塞罗那
2450	马德里
2451	塞维利亚
2452	马略卡岛
2453	克里特
2454	圣托里尼
2455	雅典
2456	米科诺斯
2457	布达佩斯
2458	罗马
2459	佛罗伦萨
2460	威尼斯
2461	那不勒斯
2462	比萨
2463	都灵
2464	伦敦
2465	爱丁堡
2466	剑桥
2467	曼彻斯特
2468	牛津
2469	利物浦
2470	都柏林
2471	基拉尼
2472	开罗
2473	亚历山大
2474	亚斯文
2475	卢克索
2476	马拉喀什
2477	卡萨布兰卡
2478	开普敦
2479	约翰内斯堡
2480	比勒陀利亚
2481	墨西哥城
2482	坎坤
2483	里约热内卢
2484	圣保罗
2485	布宜诺斯艾利斯
2486	圣地亚哥
2487	库斯科
2488	利马
2489	马丘比丘
2490	老挝
2491	黎巴嫩
2492	文莱
2493	缅甸
2494	以色列
2495	约旦
2496	埃塞俄比亚
2497	肯尼亚
2498	马达加斯加
2499	坦桑尼亚
2500	哥斯达黎加
2501	牙买加
2502	帕劳
2503	阿里山
2504	南投
2505	福冈
2506	塘沽
3033	马六甲
3034	奈良
3080	名古屋
3081	仁川
3082	横滨
3094	芽庄
3095	会安
3097	大叻
3098	凡尔赛
3100	阿维尼翁
3105	枫丹白露
3106	华盛顿
3106	华盛顿哥伦比亚特区
3108	费城
3112	海德堡
3116	福森
3118	杜塞尔多夫
3122	洛桑
3124	米兰
3125	巴斯
3128	约克
3145	迪拜
3146	阿布扎比
3149	哥本哈根
3150	莫斯科
3151	圣彼得堡
3152	梵蒂冈
3154	赫尔辛基
3156	摩纳哥
3163	奥斯陆
3164	黄石国家公园
3165	优胜美地
3168	科罗拉多大峡谷
3170	基隆
3171	台东
3172	嘉义
3173	宜兰
3174	新竹
3175	彰化
3177	苗栗
3178	蒙古
3179	朝鲜
3180	平壤
3181	江原道
3183	大邱
3185	庆州
3186	神奈川
3187	静冈
3188	爱知
3189	兵库
3190	镰仓
3191	长崎
3192	熊本
3193	大分
3194	鹿儿岛
3196	日光市
3198	别府
3199	长野
3201	和歌山
3202	宫城
3203	茨城
3205	岐阜
3206	神户
3207	青森
3208	千叶
3209	广岛
3210	杜马盖地
3211	下龙湾
3212	美奈
3213	岘港
3214	顺化
3216	藩切
3217	老街市
3218	琅勃拉邦
3219	万象
3221	会晒
3222	巴色
3223	仰光
3224	蒲甘
3225	曼德勒
3226	甲米
3227	素可泰
3228	大城
3230	华欣
3231	不丹
3232	东帝汶
3233	中非
3234	丹麦
3235	赫尔辛格
3236	欧登塞
3237	奥胡斯
3238	乌克兰
3239	乌兹别克斯坦
3240	乌干达
3241	乌拉圭
3242	乍得
3244	亚美尼亚
3245	亚速尔群岛
3246	耶路撒冷
3247	特拉维夫
3248	海法
3249	伊拉克
3250	伊朗
3251	德黑兰
3252	伊斯法罕
3253	设拉子
3254	亚兹德
3255	卡尚
3256	伯利兹
3257	佛得角
3258	俄罗斯
3259	海参崴
3259	海参葳
3262	叶卡捷琳堡
3263	弗拉基米尔
3264	伊尔库茨克
3265	保加利亚
3266	索非亚
3267	克罗地亚
3268	萨格勒布
3269	杜布罗夫尼克
3270	斯普利特
3271	关岛
3272	冈比亚
3273	冰岛
3275	维克
3276	雷克雅未克
3277	几内亚
3279	列支敦士登
3280	瓦杜兹
3281	刚果共和国
3282	刚果民主共和国
3283	利比亚
3284	利比里亚
3285	维多利亚
3286	魁北克
3287	安大略省
3288	不列颠哥伦比亚省
3291	班夫国家公园
3294	卡尔加里
3295	尼亚加拉湖边小镇
3298	金斯顿
3299	埃德蒙顿
3300	惠斯勒
3301	加拿大
3302	加纳
3303	加蓬
3304	加那利群岛
3305	匈牙利
3306	北马里亚纳
3307	南非
3308	太阳城
3309	博茨瓦纳
3310	卡塔尔
3311	卢旺达
3312	卢森堡
3313	卢森堡市
3314	印度
3315	乌代布尔
3316	焦特布尔
3317	德里
3318	拉贾斯坦邦
3319	加尔各答
3320	阿姆利则
3321	杰伊瑟尔梅尔
3322	克久拉霍
3323	班加罗尔
3324	金奈
3325	民丹岛
3326	泗水
3328	巴淡岛
3330	巴里巴板
3331	日惹
3332	危地马拉
3333	厄瓜多尔
3334	厄立特里亚
3335	叙利亚
3336	古巴
3337	哈瓦那
3338	巴拉德罗
3339	吉尔吉斯斯坦
3340	吉布提
3341	哈萨克斯坦
3342	哥伦比亚
3343	喀麦隆
3345	土库曼斯坦
3346	土耳其
3347	卡帕多奇亚
3348	格雷梅
3349	费特希耶
3350	库萨达斯
3352	开塞利
3353	博德鲁姆
3354	赛尔丘克
3355	恰纳卡莱
3356	西戴
3357	圣卢西亚
3358	圣基茨和尼维斯
3359	圣多美和普林西比
3360	圣文森特和格林纳丁斯
3361	圣赫勒拿
3362	圣马力诺
3363	圭亚那
3366	阿鲁沙
3367	埃及
3371	胡尔格达
3372	沙姆沙伊赫
3375	亚的斯亚贝巴
3376	基里巴斯
3377	塔吉克斯坦
3378	塞内加尔
3379	塞尔维亚
3380	贝尔格莱德
3381	塞拉利昂
3382	塞浦路斯
3383	墨西哥
3384	尤卡坦半岛
3387	图卢姆
3388	多哥
3389	多米尼克
3390	多米尼加共和国
3391	奥地利
3392	林茨
3393	巴德依舍
3394	圣沃尔夫冈
3395	格拉茨
3396	哈尔施塔特
3397	委内瑞拉
3398	孟加拉国
3399	安哥拉
3400	安圭拉
3401	安提瓜和巴布达
3402	安道尔
3403	密克罗尼西亚
3404	尼加拉瓜
3405	尼日尔
3406	蓝毗尼
3408	加德满都
3409	博卡拉
3410	巴德岗
3411	帕坦
3413	巴勒斯坦
3414	拿骚
3415	巴哈马
3416	巴基斯坦
3417	巴巴多斯
3418	巴布亚新几内亚
3419	巴拉圭
3420	巴拿马
3421	巴林
3422	巴西
3423	伊瓜苏市
3424	布基纳法索
3425	布隆迪
3426	希腊
3428	奥林匹亚
3429	库克群岛
3430	开曼群岛
3431	德国
3432	弗莱堡
3433	汉诺威
3434	不莱梅
3435	波恩
3436	美因茨
3437	罗滕堡
3438	莱比锡
3439	斯图加特
3440	北莱茵-威斯特法伦
3442	德累斯顿
3443	纽伦堡
3444	贝希特斯加登
3446	巴登-巴登
3447	波茨坦
3448	科布伦茨
3449	维尔茨堡
3450	莱茵兰-普法尔茨
3451	亚琛
3452	沃尔夫斯堡
3453	哥廷根
3455	康斯坦茨
3456	埃森
3457	班贝格
3458	曼海姆
3459	多特蒙德
3460	奥格斯堡
3462	特里尔
3463	吕贝克
3464	乌尔姆
3465	魏玛
3466	雷根斯堡
3467	林道
3468	卡尔斯鲁厄
3469	杜伊斯堡
3470	吕德斯海姆
3471	威斯巴登
3472	因戈尔施塔特
3474	意大利
3475	庞贝
3476	维罗纳
3477	托斯卡纳
3478	伦巴第大区
3479	五渔村
3480	锡耶纳
3481	博洛尼亚
3482	热那亚
3483	科莫
3484	西西里岛
3485	索伦托
3486	卢卡
3487	阿马尔菲
3488	卡普里岛
3489	拉斯佩齐亚
3490	圣吉米亚诺
3491	帕勒莫
3492	里米尼
3493	波西塔诺
3494	陶尔米纳
3495	卡塔尼亚
3496	佩鲁贾
3497	普利亚大区
3498	翁布里亚大区
3499	阿西西
3500	贝加莫
3501	永济市
3502	河津市
3503	大通区
3504	庐山区
3505	夷陵区
3508	顺德区
3510	巴州区
3511	周庄
3512	西塘
3513	乌镇
3514	三清山
3515	武当山
3516	三峡
3517	容城县
3518	临猗县
3519	万荣县
3520	闻喜县
3521	稷山县
3522	新绛县
3523	绛县
3524	垣曲县
3525	夏县
3526	平陆县
3527	芮城县
3528	土默特左旗
3529	土默特右旗
3530	达尔罕茂明安联合旗
3531	阿鲁科尔沁旗
3532	巴林左旗
3533	巴林右旗
3534	克什克腾旗
3535	翁牛特旗
3536	喀喇沁旗
3537	敖汉旗
3538	科尔沁左翼中旗
3539	科尔沁左翼后旗
3540	库伦旗
3541	奈曼旗
3542	扎鲁特旗
3543	达拉特旗
3544	准格尔旗
3545	鄂托克前旗
3546	鄂托克旗
3547	杭锦旗
3548	乌审旗
3549	伊金霍洛旗
3550	阿荣旗
3551	莫力达瓦达斡尔族自治旗
3552	鄂伦春自治旗
3553	鄂温克族自治旗
3554	陈巴尔虎旗
3555	新巴尔虎左旗
3556	新巴尔虎右旗
3557	乌拉特前旗
3558	乌拉特中旗
3559	乌拉特后旗
3560	杭锦后旗
3561	察哈尔右翼前旗
3562	察哈尔右翼中旗
3563	察哈尔右翼后旗
3564	四子王旗
3565	科尔沁右翼前旗
3566	科尔沁右翼中旗
3567	扎赉特旗
3568	阿巴嘎旗
3569	苏尼特左旗
3570	苏尼特右旗
3571	东乌珠穆沁旗
3572	西乌珠穆沁旗
3573	太仆寺旗
3574	镶黄旗
3575	正镶白旗
3576	正蓝旗
3577	阿拉善左旗
3578	阿拉善右旗
3579	额济纳旗
3580	崇明区
3580	崇明县
3584	金门县
3585	共青城市
3587	随县
3589	水城县
3590	大理市
3591	双湖县
3592	中宁县
3593	海原县
3594	阿拉山口市
3595	南戴河
3596	长白山
3597	亚布力
3598	天目湖
3599	甪直
3600	同里
3601	富春江
3602	千岛湖
3603	天目山
3604	雁荡山
3605	莫干山
3606	横店
3607	朱家尖
3608	普陀山
3609	天柱山
3610	宏村
3611	西递
3612	九华山
3613	鼓浪屿
3614	仙都
3615	龙虎山
3616	明月山
3617	涠洲岛
3618	博鳌
3619	花水湾
3620	西岭雪山
3621	青城山
3622	天台山
3623	泸沽湖
3624	黄果树
3625	西江千户苗寨
3626	白云山
3627	喜洲
3628	双廊
3629	华山
3630	青海湖
4001	所罗门群岛
4003	拉脱维亚
4004	里加
4005	挪威
4006	卑尔根
4007	松恩峡湾
4009	斯塔万格
4010	特罗姆瑟
4012	捷克
4013	捷克克鲁姆洛夫
4014	库特纳霍拉
4015	摩尔多瓦
4016	摩洛哥
4017	菲斯
4018	斯威士兰
4019	斯洛伐克
4020	布拉迪斯拉发
4021	斯洛文尼亚
4022	卢布尔雅那
4023	新喀里多尼亚
4024	罗托鲁瓦
4025	新西兰南岛
4026	但尼丁
4028	凯库拉
4029	格雷茅斯
4030	奥马鲁
4031	陶波湖
4032	汉密尔顿
4034	霍基蒂卡
4035	蒂马鲁
4036	尼尔森
4037	因弗卡吉尔
4038	阿卡罗阿
4039	智利
4040	格林纳达
4042	格鲁吉亚
4043	比利时
4044	根特
4045	鲁汶
4046	列日
4047	毛里塔尼亚
4048	汤加
4049	沙特阿拉伯
4050	鲁昂
4051	布洛瓦
4053	卡昂
4054	南特
4055	蔚蓝海岸
4056	诺曼底
4057	阿尔萨斯
4058	斯特拉斯堡
4059	阿尔勒
4061	布列塔尼
4062	波尔多
4064	阿讷西
4065	勃艮第
4066	艾克斯
4069	尼姆
4070	图卢兹
4071	里尔
4072	图尔
4074	格拉斯
4075	蒙彼利埃
4077	兰斯
4078	科尔马
4079	霞慕尼
4080	圣马洛
4081	依云
4082	格勒诺布尔
4083	卡尔卡松
4084	雷恩
4085	芒通
4086	法属圭亚那
4087	法属波利尼西亚
4088	法罗群岛
4089	波兰
4090	华沙
4091	克拉科夫
4092	波多黎各
4093	圣胡安
4094	波斯尼亚和墨塞哥维那
4095	素叻他尼
4096	斯米兰群岛
4097	合艾
4099	春蓬
4100	帕岸岛
4101	兰达岛
4102	津巴布韦
4103	洪都拉斯
4104	海地
4105	塔斯马尼亚岛
4107	阿德莱德
4108	霍巴特
4109	阿波罗小镇
4110	吉朗
4111	卧龙岗
4112	北领地
4113	阳光海岸
4114	朗塞斯顿
4115	库兰达
4118	袋鼠岛
4119	拜伦湾
4121	珀斯
4122	爱尔兰
4123	高威
4124	爱沙尼亚
4125	塔林
4126	特克斯和凯科斯群岛
4127	特立尼达和多巴哥
4128	玻利维亚
4130	斯科纳
4131	基律纳
4132	赫尔辛堡
4133	阿比斯库
4134	乌普萨拉
4135	瑞典
4136	瑞士
4137	卢加诺
4138	采尔马特
4139	伯尔尼高地
4140	蒙特勒
4141	瓦莱州
4142	巴塞尔
4143	施皮茨
4144	劳特布龙嫩
4146	图恩
4147	沃韦
4148	格林德瓦
4149	文根
4150	沙夫豪森
4151	布里恩茨
4152	英格堡
4154	圣加仑
4156	圣莫里茨
4157	瓜德罗普
4159	瓦努阿图
4160	留尼旺
4161	白俄罗斯
4162	明斯克
4163	百慕大
4165	科威特
4166	科摩罗
4167	科特迪瓦
4168	秘鲁
4169	突尼斯
4170	立陶宛
4171	维尔纽斯
4173	安曼
4174	佩特拉
4175	死海
4176	亚喀巴
4177	杰拉什
4178	纳米比亚
4179	纽埃
4180	罗马尼亚
4181	布加勒斯特
4182	圣迭戈
4183	底特律
4184	堪萨斯城
4185	圣路易斯
4186	匹兹堡
4187	圣安东尼奥
4188	休斯顿
4189	丹佛
4190	亚特兰大
4191	盐湖城
4192	圣何塞
4193	巴尔的摩
4194	波特兰
4195	大西洋城
4199	小石城
4200	萨克拉门托
4201	哈特福德
4202	多佛
4203	塔拉哈西
4205	博伊西
4206	斯普林菲尔德
4207	印第安纳波利斯
4208	得梅因
4210	巴吞鲁日
4211	奥古斯塔
4212	安纳波利斯
4214	杰克逊
4215	杰斐逊城
4217	林肯
4219	康科德
4220	特伦顿
4221	圣达菲
4222	奥尔巴尼
4223	纳罗利
4225	哥伦布
4226	俄克拉何马城
4227	塞勒姆
4233	奥斯汀
4234	里士满
4236	查尔斯顿
4236	查尔斯顿-南卡罗来纳
4237	麦迪逊
4238	夏延
4239	新奥尔良
4240	纽黑文
4242	圣巴巴拉
4243	水牛城
4248	大瑟尔
4249	卡梅尔
4250	伯克利
4252	佩吉市
4255	佛罗里达群岛
4257	达拉斯
4258	凤凰城
4259	长岛
4262	纳帕
4264	西礁岛
4265	半月湾
4268	太浩湖
4269	棕榈泉
4271	明尼阿波利斯
4274	克利夫兰
4275	圣西蒙
4278	安克雷奇
4284	坦帕
4285	辛辛那提
4286	夏洛特
4287	美属维尔京群岛
4288	美属萨摩亚
4289	内罗毕
4290	马赛马拉国家保护区
4291	纳库鲁
4294	芬兰
4295	罗瓦涅米
4296	图尔库
4297	苏丹
4298	苏里南
4299	英国
4300	贝尔法斯特
4301	伯明翰
4302	苏格兰高地
4303	诺丁汉
4304	温莎
4305	利兹
4306	布莱顿
4307	纽卡斯尔
4308	格拉斯哥
4309	尼斯湖
4311	加迪夫
4312	布里斯托
4313	天空之岛
4314	谢菲尔德
4316	温德米尔和波尼斯
4317	考文垂
4318	因弗内斯
4319	南安普敦
4320	圣安德鲁斯
4321	朴次茅斯
4322	怀特岛
4323	切斯特
4324	斯特灵
4325	威廉堡
4326	莱斯特
4327	斯旺西
4328	坎特伯雷
4329	温彻斯特
4330	埃文河畔斯特拉福德
4331	阿伯丁
4332	伯恩茅斯
4333	普利茅斯
4335	兰卡斯特
4336	英属维尔京群岛
4337	荷兰
4338	羊角村
4339	乌得勒支
4340	代尔夫特
4341	莱顿
4342	马斯特里赫特
4343	埃因霍温
4344	格罗宁根
4345	福伦丹
4347	莫桑比克
4348	莱索托
4349	萨尔瓦多
4350	萨摩亚
4351	葡萄牙
4352	辛特拉
4353	卡斯凯什
4354	蒙特塞拉特
4355	西撒哈拉
4356	西班牙
4359	卡斯蒂利亚-拉曼恰
4360	卡斯蒂利亚-莱昂
4361	托莱多
4362	塞哥维亚
4364	科尔多瓦
4365	龙达
4366	马拉加
4367	巴斯克自治区
4368	萨拉曼卡
4369	巴利阿里群岛
4370	萨拉戈萨
4371	阿拉贡自治区
4372	毕尔巴鄂
4373	阿维拉
4374	格拉纳达
4376	贝宁
4377	赞比亚
4378	赤道几内亚
4379	阿塞拜疆
4380	阿富汗
4381	阿尔及利亚
4382	阿尔巴尼亚
4383	地拉那
4384	阿曼
4385	阿根廷
4386	阿联酋
4387	沙迦
4388	阿鲁巴
4389	马其顿
4390	斯科普里
4391	马德拉群岛
4392	马拉维
4393	马提尼克
4394	亚庇
4395	仙本那
4396	怡保
4398	斗湖
4400	新山
4401	登嘉楼
4403	沙捞越
4405	山打根
4407	古晋
4408	马绍尔群岛
4409	马耳他
4410	瓦莱塔
4411	马里
4413	蒙哥马利
4414	朱诺
4415	托皮卡
4416	兰辛
4417	卡森城
4418	哈里斯堡
4419	普罗维登斯
4420	纳什维尔
4421	蒙特雷
4422	索夫昂丹麦村
4423	圣塔克鲁兹
4424	新都区
4425	温江区
4426	万州区
4427	涪陵区
4428	长寿区
4429	合川区
4430	永川区
4431	南川区
4432	点评实验室
4433	博山
4434	河口
4435	惠阳
4436	新会
4437	牟平
4438	潮阳
4439	澄海
4440	石岛
4441	薛城
4442	斗门
4443	淄川
4444	临淄
4445	周村
4446	京畿道
4447	忠清北道
4448	忠清南道
4449	全罗北道
4450	全罗南道
4451	庆尚北道
4452	庆尚南道
10028	圣奥古斯丁
10037	富国岛
10066	锡拉库萨
10079	檀香山
10099	劳德代尔堡
10122	象岛
10133	涛岛
10184	塔尔萨
10243	哥伦比亚
10299	全州市
10348	帕多瓦
10379	温尼伯
10410	弗雷斯诺
10435	水原
10465	塞多纳
10517	奥克兰
10520	尼亚加拉瀑布城
10606	萨斯卡通
10662	雷诺
10696	布鲁明顿
10719	束草市
10725	春武里
10727	圣莫尼卡
10853	森尼韦尔
10870	大田市
10911	剑桥
10941	里贾纳
10988	萨莱诺
10992	光州
11009	文图拉
11038	俾斯麦
11097	达勒姆
11130	费尔班克斯
11161	姬路
11208	山景城
11209	圣克拉拉
11210	帕罗奥图
11281	江陵市
11315	董里
11347	暖武里
11411	亚历山德里亚
11434	尚佩恩
11472	蔚山市
11518	宫古岛
11542	圣贝纳迪诺
11596	雪城
11620	塔科马
11917	海伦娜
11954	尔湾
11958	米尔皮塔斯
12010	埃弗里特
12023	查尔斯顿-西弗吉尼亚
12146	河滨县
12205	科罗纳多
12209	雷德伍德城
12504	圣马特奥
12811	佐世保
12867	春川市
12945	棕榈滩
13150	圣保罗
13714	里士满
13783	摩根山丘
13854	圣米歇尔山
13904	里士满
13999	皮尔
14430	龙仁
15000	秋田
15001	爱媛
15002	福井
15003	福岛
15004	群马
15005	石川
15006	岩手
15007	香川
15008	高知
15009	三重
15010	宫崎
15011	新泻
15012	冈山
15013	佐贺
15014	埼玉
15015	滋贺
15016	岛根
15017	栃木
15018	德岛
15019	鸟取
15020	富山
15021	山形
15022	山口
15023	山梨
15024	网走市
15025	旭川市
15026	芦原市
15028	美瑛町
15029	北谷町
15030	千岁市
15031	大仙市
15032	太宰府市
15033	下吕市
15034	御殿场市
15035	八王子市
15036	函馆市
15037	廿日市市
15038	彦根市
15039	弘前市
15040	指宿市
15041	生驹市
15042	谏早市
15043	石垣岛
15044	泉佐野市
15045	金泽市
15046	轻井泽町
15047	清武町
15048	甲府市
15049	甲贺市
15050	郡山市
15051	仓敷市
15052	草津町
15053	钏路町
15054	倶知安町
15055	前桥市
15056	松江市
15057	松山市
15058	南小国町
15059	南鱼沼市
15060	三鹰市
15061	盛冈市
15062	本部町
15063	武藏野市
15064	名护市
15065	那霸市
15066	成田市
15067	鸣门市
15068	新雪谷町
15069	小田原市
15071	恩纳村
15072	小樽市
15073	大津市
15074	相模原市
15075	札幌市
15076	仙台市
15077	下关市
15078	占冠村
15079	白浜町
15080	须崎市
15081	高冈市
15082	高槻市
15084	户田市
15085	苫小牧市
15086	丰见城市
15087	鸟栖市
15088	洞爷湖町
15089	丰桥市
15090	津市
15091	宇治市
15092	嬉野市
15093	宇都宫市
15094	四日市市
15095	米子市
15096	米泽市
15097	由布市
15098	濑户内海
15099	登别
15100	飞弹高山
15101	富良野
15102	伊豆
15103	城崎
15104	知床半岛
15105	淡路岛
15106	宫岛
15107	热海市
15108	富士河口湖町
15109	富士吉田市
15110	忍野村
15111	高松市
15112	山中湖村
15113	亚拉巴马州
15114	佛罗里达州
15115	棕榈滩
15116	乔治亚州
15117	夏威夷大岛
15118	檀香山
15119	可爱岛
15120	茂宜岛
15121	爱达荷州
15122	伊利诺伊州
15123	尚佩恩
15124	印第安纳州
15125	爱荷华州
15126	堪萨斯州
15127	肯塔基州
15128	路易斯安那州
15129	阿拉斯加州
15130	费尔班克斯
15131	克奇坎门
15132	缅因州
15133	马里兰州
15134	马萨诸塞州
15135	巴恩斯特布尔
15136	密歇根州
15137	大特拉弗斯县
15138	明尼苏达州
15139	密西西比州
15140	密苏里州
15141	蒙大纳州
15142	内布拉斯加州
15143	内华达州
15144	亚利桑那州
15145	皮马
15146	新罕布什尔州
15147	新泽西州
15148	新墨西哥州
15149	纽约州
15150	北卡罗来纳州
15151	北达科他州
15152	俄亥俄州
15153	俄克拉何马州
15154	塔尔萨
15155	俄勒冈州
15156	宾夕法尼亚州
15157	阿肯色州
15158	罗得岛州
15159	南卡罗来纳州
15160	南达科他州
15161	田纳西州
15162	德克萨斯州
15163	犹他州
15164	佛蒙特州
15165	弗吉尼亚州
15166	华盛顿州
15167	西弗吉尼亚州
15168	加利福尼亚州
15169	马德拉
15170	马林
15171	莫诺
15172	河滨县
15173	圣贝纳迪诺
15174	文图拉
15175	威斯康星州
15176	怀俄明州
15177	科罗拉多州
15178	康涅狄格州
15179	特拉华州
15180	硅谷
15181	圣奥古斯丁
15182	塔科马
15183	弗雷斯诺
15184	劳德代尔堡
15185	尼亚加拉瀑布城
15186	圣胡安包蒂斯塔
15187	奥克兰
15188	奥林匹亚
15189	皮尔
15190	雷诺
15191	塞多纳
15192	史凯威
15193	圣莫尼卡
15194	雪城
15195	俾斯麦
15196	海伦娜
15197	哥伦比亚
15198	圣克拉拉
15199	布鲁明顿
15200	库比蒂诺
15201	圣马特奥
15202	萨拉托加
15203	坎贝尔
15204	法兰克福
15205	霍利斯特
15206	尔湾
15207	吉尔罗伊
15208	剑桥
15209	洛思加图斯
15210	蒙比利埃
15211	摩根山丘
15212	查尔斯顿-西弗吉尼亚
15213	埃弗里特
15214	雷德伍德城
15215	森尼韦尔
15216	斯坦福
15217	科罗纳多
15218	拉奈岛
15219	门洛帕克
15220	蒙堤圣利诺
15221	米尔皮塔斯
15222	莫洛凯岛
15223	帕罗奥图
15224	山景城
15225	圣保罗
15226	亚历山德里亚
15227	大提顿国家公园
15228	一号公路
15229	大峡谷国家公园
15230	芒街
15231	金马伦高原
15232	卡帕莱
15233	马布岛
15234	布城
15235	维多利亚
15236	新南威尔士
15237	昆士兰
15238	菲利普岛
15239	大堡礁
15240	大洋路
15241	蓝山
15242	澎湖
15243	恒春
15244	威尼托
15245	利古利亚
15246	艾伯塔
15247	贾斯珀国家公园
15248	上萨瓦
15249	吉维尼
15250	普罗旺斯-阿尔卑斯-蓝色海岸
15251	罗讷河口
15252	康沃尔
15253	西米德兰兹
15254	科茨沃尔德
15255	点评海外实验室
